{
    "document": {
        "type": "APL",
        "version": "1.0",
        "theme": "dark",
        "import": [
            {
                "name": "alexa-layouts",
                "version": "1.0.0"
            }
        ],
        "resources": [
            {
                "description": "Stock color for the light theme",
                "colors": {
                    "colorTextPrimary": "#151920"
                }
            },
            {
                "description": "Stock color for the dark theme",
                "when": "${viewport.theme == 'dark'}",
                "colors": {
                    "colorTextPrimary": "#f0f1ef"
                }
            },
            {
                "description": "Standard font sizes",
                "dimensions": {
                    "textSizeBody": 48,
                    "textSizePrimary": 27,
                    "textSizeSecondary": 23,
                    "textSizeDetails": 20,
                    "textSizeSecondaryHint": 25
                }
            },
            {
                "description": "Common spacing values",
                "dimensions": {
                    "spacingThin": 6,
                    "spacingSmall": 12,
                    "spacingMedium": 24,
                    "spacingLarge": 48,
                    "spacingExtraLarge": 72
                }
            },
            {
                "description": "Common margins and padding",
                "dimensions": {
                    "marginTop": 40,
                    "marginLeft": 60,
                    "marginRight": 60,
                    "marginBottom": 40
                }
            }
        ],
        "styles": {
            "textStyleBase": {
                "description": "Base font description; set color and core font family",
                "values": [
                    {
                        "color": "@colorTextPrimary",
                        "fontFamily": "Amazon Ember"
                    }
                ]
            },
            "textStyleBase0": {
                "description": "Thin version of basic font",
                "extend": "textStyleBase",
                "values": {
                    "fontWeight": "100"
                }
            },
            "textStyleBase1": {
                "description": "Light version of basic font",
                "extend": "textStyleBase",
                "values": {
                    "fontWeight": "300"
                }
            },
            "textStyleBase2": {
                "description": "Regular version of basic font",
                "extend": "textStyleBase",
                "values": {
                    "fontWeight": "500"
                }
            },
            "mixinBody": {
                "values": {
                    "fontSize": "@textSizeBody"
                }
            },
            "mixinPrimary": {
                "values": {
                    "fontSize": "@textSizePrimary"
                }
            },
            "mixinDetails": {
                "values": {
                    "fontSize": "@textSizeDetails"
                }
            },
            "mixinSecondary": {
                "values": {
                    "fontSize": "@textSizeSecondary"
                }
            },
            "textStylePrimary": {
                "extend": [
                    "textStyleBase1",
                    "mixinPrimary"
                ]
            },
            "textStyleSecondary": {
                "extend": [
                    "textStyleBase0",
                    "mixinSecondary"
                ]
            },
            "textStyleBody": {
                "extend": [
                    "textStyleBase1",
                    "mixinBody"
                ]
            },
            "textStyleSecondaryHint": {
                "values": {
                    "fontFamily": "Bookerly",
                    "fontStyle": "italic",
                    "fontSize": "@textSizeSecondaryHint",
                    "color": "@colorTextPrimary"
                }
            },
            "textStyleDetails": {
                "extend": [
                    "textStyleBase2",
                    "mixinDetails"
                ]
            }
        },
        "layouts": {
            "ListTemplate1": {
                "parameters": [
                    "backgroundImage",
                    "title",
                    "logo",
                    "hintText",
                    "listData"
                ],
                "item": [
                    {
                        "type": "Container",
                        "width": "100vw",
                        "height": "100vh",
                        "direction": "column",
                        "paddingBottom": "100dp",
                        "items": [
                            {
                                "type": "Image",
                                "source": "${backgroundImage}",
                                "scale": "best-fill",
                                "width": "100vw",
                                "height": "100vh",
                                "position": "absolute"
                            },
                            {
                                "type": "AlexaHeader",
                                "headerTitle": "${title}",
                                "headerAttributionImage": "${logo}"
                            },
                            {
                                "type": "Sequence",
                                "grow": 1,
                                "height": "80vh",
                                "scrollDirection": "vertical",
                                "paddingLeft": "@marginLeft",
                                "paddingRight": "@marginRight",
                                "data": "${listData}",
                                "numbered": true,
                                "items": [
                                    {
                                        "type": "VerticalListItem",
                                        "image": "${data.image.sources[0].url}",
                                        "primaryText": "${data.textContent.primaryText.text}",
                                        "ecoSpotText": "${data.textContent.ecoSpotText.text}"
                                    }
                                ]
                            }
                        ]
                    }
                ]
            },
            "VerticalListItem": {
                "parameters": [
                    "primaryText",
                    "ecoSpotText"
                ],
                "items": [
                    {
                        "when": "${viewport.shape == 'round'}",
                        "type": "Container",
                        "direction": "row",
                        "height": 150,
                        "width": "100%",
                        "alignItems": "center",
                        "paddingBottom": "120dp",
                        "items": [
                            {
                                "type": "Text",
                                "text": "${ordinal}",
                                "color": "white",
                                "spacing": "5dp"
                            },
                            {
                                "type": "Container",
                                "direction": "column",
                                "spacing": 5,
                                "alignItems": "center",
                                "items": [
                                    {
                                        "type": "Text",
                                        "text": "${ecoSpotText}",
                                        "style": "textStyleDetail",
                                        "grow": 1,
                                        "shrink": 1,
                                        "fontWeight": "300",
                                        "maxLines": 2
                                    }
                                ]
                            }
                        ]
                    },
                    {
                        "type": "Frame",
                        "backgroundColor": "",
                        "item": [
                            {
                                "type": "Container",
                                "direction": "row",
                                "height": 100,
                                "width": "100%",
                                "alignItems": "center",
                                "items": [
                                    {
                                        "type": "Text",
                                        "text": "${ordinal}",
                                        "paddingBottom": "10dp",
                                        "paddingRight": "10dp",
                                        "paddingLeft": "10dp",
                                        "color": "black",
                                        "spacing": "0dp"
                                    },
                                    {
                                        "type": "Container",
                                        "spacing": 5,
                                        "direction": "column",
                                        "items": [
                                            {
                                                "type": "Text",
                                                "text": "${primaryText}",
                                                "style": "textStylePrimary",
                                                "fontWeight": "300",
                                                "color": "black",
                                                "grow": 1,
                                                "shrink": 1,
                                                "maxLines": 2
                                            }
                                        ]
                                    }
                                ]
                            }
                        ]
                    }
                ]
            }
        },
        "mainTemplate": {
            "parameters": [
                "payload"
            ],
            "item": [
                {
                    "type": "ListTemplate1",
                    "backgroundImage": "${payload.listTemplate1Metadata.backgroundImage.sources[0].url}",
                    "title": "${payload.listTemplate1Metadata.title}",
                    "logo": "${payload.listTemplate1Metadata.logoUrl}",
                    "listData": "${payload.listTemplate1ListData.listPage.listItems}"
                }
            ]
        }
    },
    "datasources": {
        "listTemplate1Metadata": {
            "type": "object",
            "objectId": "lt1Metadata",
            "backgroundImage": {
                "contentDescription": null,
                "smallSourceUrl": null,
                "largeSourceUrl": null,
                "sources": [
                    {
                        "url": "https://s3.amazonaws.com/aws-apl-contest/transInfo/background/trans-info-background-1.jpeg",
                        "size": "small",
                        "widthPixels": 0,
                        "heightPixels": 0
                    },
                    {
                        "url": "https://s3.amazonaws.com/aws-apl-contest/transInfo/background/trans-info-background-1.jpeg",
                        "size": "large",
                        "widthPixels": 0,
                        "heightPixels": 0
                    }
                ]
            },
            "title": "Route List for ",
            "logoUrl": "https://s3.amazonaws.com/aws-apl-contest/transInfo/logo/web_hi_res_512.png"
        },
        "listTemplate1ListData": {
            "type": "list",
            "listId": "lt1Sample",
            "totalNumberOfItems": 10,
            "listPage": {
                "listItems": []
            }
        }
    }
}